{
    "Gutenberg (Litt\u00e9raire)": {
        "corpus_sizes": [
            100000,
            200000,
            300000,
            400000,
            500000,
            600000,
            700000,
            800000,
            900000,
            1000000,
            1100000,
            1200000,
            1300000,
            1400000,
            1500000,
            1600000,
            1700000,
            1800000,
            1900000,
            2000000,
            2100000,
            2200000,
            2300000,
            2400000,
            2500000,
            2600000,
            2700000,
            2800000,
            2900000,
            3000000,
            3100000,
            3200000,
            3300000,
            3400000,
            3500000,
            3600000,
            3700000,
            3800000,
            3900000,
            4000000,
            4100000,
            4200000,
            4300000,
            4400000,
            4500000,
            4600000,
            4700000,
            4800000,
            4900000,
            5000000,
            5100000,
            5200000,
            5277248
        ],
        "vocab_sizes": [
            3636,
            5461,
            6812,
            8161,
            9345,
            13139,
            16729,
            19272,
            21851,
            23670,
            25371,
            27000,
            28755,
            30071,
            30550,
            30881,
            31273,
            31648,
            32066,
            32674,
            33884,
            35245,
            35714,
            36141,
            36594,
            37146,
            37508,
            37824,
            38162,
            38924,
            39113,
            39545,
            39952,
            41380,
            41669,
            41931,
            42050,
            42315,
            42426,
            42604,
            42835,
            43030,
            43224,
            43550,
            43823,
            44293,
            45185,
            45982,
            46983,
            47756,
            48515,
            49092,
            49455
        ],
        "k": 2.9080295205399,
        "beta": 0.636277104592889,
        "compression_ratio": 0.3492303666320338,
        "entropy": 12.153049717411717
    },
    "Brown (G\u00e9n\u00e9raliste/Conversationnel)": {
        "corpus_sizes": [
            100000,
            200000,
            300000,
            400000,
            500000,
            600000,
            700000,
            800000,
            900000,
            1000000,
            1100000,
            1200000,
            1300000,
            1400000,
            1500000,
            1600000,
            1700000,
            1800000,
            1900000,
            2000000,
            2100000,
            2200000,
            2300000,
            2400000,
            2500000,
            2600000,
            2700000,
            2800000,
            2900000,
            3000000,
            3100000,
            3200000,
            3300000,
            3400000,
            3500000,
            3600000,
            3700000,
            3800000,
            3900000,
            3970487
        ],
        "vocab_sizes": [
            5094,
            8977,
            12102,
            14472,
            16457,
            18560,
            20986,
            22874,
            24312,
            26354,
            27735,
            29012,
            30234,
            31707,
            32917,
            33975,
            35187,
            36114,
            37046,
            38026,
            39380,
            40023,
            40629,
            41158,
            42089,
            43000,
            43650,
            44209,
            44788,
            45657,
            46506,
            47566,
            48571,
            49291,
            50090,
            50867,
            51814,
            52638,
            53287,
            54054
        ],
        "k": 6.367187700058907,
        "beta": 0.5978306750623884,
        "compression_ratio": 0.37522248530218083,
        "entropy": 13.331554754455741
    },
    "Reuters (Journalistique)": {
        "corpus_sizes": [
            100000,
            200000,
            300000,
            400000,
            500000,
            600000,
            700000,
            800000,
            900000,
            1000000,
            1100000,
            1200000,
            1300000,
            1400000,
            1500000,
            1600000,
            1700000,
            1800000,
            1900000,
            2000000,
            2100000,
            2200000,
            2300000,
            2400000,
            2500000,
            2600000,
            2700000,
            2800000,
            2900000,
            3000000,
            3100000,
            3200000,
            3300000,
            3400000,
            3500000,
            3600000,
            3700000,
            3800000,
            3900000,
            4000000,
            4100000,
            4200000,
            4300000,
            4400000,
            4500000,
            4600000,
            4700000,
            4800000,
            4900000,
            5000000,
            5100000,
            5200000,
            5300000,
            5400000,
            5500000,
            5600000,
            5700000,
            5800000,
            5900000,
            6000000,
            6100000,
            6200000,
            6300000,
            6400000,
            6425283
        ],
        "vocab_sizes": [
            4374,
            6824,
            8556,
            9724,
            11066,
            12188,
            13186,
            14326,
            15400,
            16345,
            17220,
            18026,
            18899,
            19708,
            20440,
            21166,
            21829,
            22460,
            22980,
            23616,
            24168,
            24729,
            25216,
            25802,
            26343,
            26938,
            27401,
            27846,
            28313,
            28762,
            29284,
            29760,
            30155,
            30619,
            31032,
            31443,
            31900,
            32340,
            32791,
            33205,
            33583,
            33954,
            34372,
            34713,
            35064,
            35350,
            35720,
            36029,
            36392,
            36802,
            37109,
            37466,
            37768,
            38104,
            38465,
            38796,
            39063,
            39448,
            39666,
            39954,
            40271,
            40571,
            40845,
            41055,
            41119
        ],
        "k": 11.854738141323331,
        "beta": 0.5219401760308483,
        "compression_ratio": 0.35319217018267207,
        "entropy": 11.546591601483463
    }
}